1790375336,2505, 11201, 0,
1790375337,2505, 11201, 0,1932916 
1790375338,2760, 10801, 86,1932916 
1790375339,2760, 10801, 46,1932916 
1790375340,2490, 10801, 92,1932916 
1790375341,2760, 10801, 21,1932916 
1790375343,2760, 10801, 35,1932916 
1790375344,2505, 10801, 22,1932916 
1790375345,2505, 10801, 22,1932916 
1790375346,2505, 10801, 36,1932916 
1790375347,2505, 10801, 22,1932916 
1790375348,2505, 10801, 21,1932916 
1790375349,2505, 10801, 22,1932916 
1790375350,2505, 10801, 22,1932916 
1790375351,2505, 10801, 22,1932916 
1790375352,2505, 10801, 22,1932916 
1790375353,2505, 10801, 22,1932916 
1790375354,2505, 10801, 22,1932916 
1790375355,2505, 10801, 22,1932916 
1790375356,2505, 10801, 22,1932916 
1790375357,2505, 10801, 22,1932916 
1790375358,2505, 10801, 33,1932916 
1790375359,2505, 10801, 36,1932916 
1790375360,2505, 10801, 36,1932916 
1790375361,2505, 10801, 19,1932916 
1790375363,2505, 10801, 35,1932916 
1790375364,2505, 10801, 33,1932916 
1790375365,2505, 10801, 34,1932916 
1790375366,2505, 10801, 35,1932916 
1790375367,2505, 10801, 36,1932916 
1790375368,2505, 10801, 36,1932916 
1790375369,2505, 10801, 21,1932916 
1790375370,2505, 10801, 34,1932916 
1790375371,2505, 10801, 34,1932916 
1790375372,2505, 10801, 34,1932916 
1790375373,2505, 10801, 33,1932916 
1790375374,2505, 10801, 35,1932916 
1790375375,2505, 10801, 33,1932916 
1790375376,2505, 10801, 22,1932916 
1790375377,2505, 10801, 32,1932916 
1790375378,2505, 10801, 32,1932916 
1790375379,2505, 10801, 32,1932916 
1790375380,2505, 10801, 33,1932916 
1790375381,2505, 10801, 33,1932916 
1790375382,2505, 10801, 23,1932916 
1790375383,2505, 10801, 33,1932916 
1790375384,2505, 10801, 32,1932916 
1790375386,2505, 10801, 32,1932916 
1790375387,2505, 10801, 33,1932916 
1790375388,2505, 10801, 32,1932916 
1790375389,2505, 10801, 33,1932916 
1790375390,2505, 10801, 33,1932916 
1790375391,2505, 10801, 33,1932916 
1790375392,2505, 10801, 32,1932916 
1790375393,2505, 10801, 21,1932916 
1790375394,2505, 10801, 21,1932916 
1790375395,2505, 10801, 21,1932916 
1790375396,2505, 10801, 21,1932916 
1790375397,2505, 10801, 21,1932916 
1790375398,2505, 10801, 21,1932916 
1790375399,2505, 10801, 23,1932916 
1790375400,2505, 10801, 22,1932916 
1790375401,2505, 10801, 22,1932916 
1790375402,2505, 10801, 22,1932916 
1790375403,2505, 10801, 22,1932916 
1790375404,2505, 10801, 24,1932916 
1790375405,2505, 10801, 23,1932916 
1790375406,2505, 10801, 23,1932916 
1790375408,2505, 10801, 23,1932916 
1790375409,2505, 10801, 24,1932916 
1790375410,2505, 10801, 35,1932916 
1790375411,2505, 10801, 35,1932916 
1790375412,2505, 10801, 34,1932916 
1790375413,2505, 10801, 34,1932916 
1790375414,2505, 10801, 33,1932916 
1790375415,2505, 10801, 33,1932916 
1790375416,2505, 10801, 33,1932916 
1790375417,2505, 10801, 33,1932916 
1790375418,2505, 10801, 33,1932916 
1790375419,2505, 10801, 33,1932916 
1790375420,2505, 10801, 33,1932916 
1790375421,2505, 10801, 33,1932916 
1790375422,2505, 10801, 33,1932916 
1790375423,2505, 10801, 33,1932916 
1790375424,2505, 10801, 33,1932916 
1790375425,2505, 10801, 33,1932916 
1790375426,2505, 10801, 21,1932916 
1790375427,2505, 10801, 21,1932916 
1790375428,2505, 10801, 21,1932916 
1790375430,2505, 10801, 21,1932916 
1790375431,2505, 10801, 21,1932916 
1790375432,2505, 10801, 21,1932916 
1790375433,2505, 10801, 21,1932916 
1790375434,2505, 10801, 21,1932916 
1790375435,2505, 10801, 21,1932916 
1790375436,2505, 10801, 21,1932916 
1790375437,2505, 10801, 21,1932916 
1790375438,2505, 10801, 21,1932916 
1790375439,2505, 10801, 21,1932916 
1790375440,2505, 10801, 21,1932916 
1790375441,2505, 10801, 21,1932916 
1790375442,2505, 10801, 21,1932916 
1790375443,2505, 10801, 36,1932916 
1790375444,2505, 10801, 35,1932916 
1790375445,2505, 10801, 35,1932916 
1790375446,2505, 10801, 35,1932916 
1790375447,2505, 10801, 35,1932916 
1790375448,2505, 10801, 34,1932916 
1790375450,2505, 10801, 34,1932916 
1790375451,2505, 10801, 35,1932916 
1790375452,2505, 10801, 34,1932916 
1790375453,2505, 10801, 33,1932916 
1790375454,2505, 10801, 33,1932916 
1790375455,2505, 10801, 33,1932916 
1790375456,2505, 10801, 33,1932916 
1790375457,2505, 10801, 33,1932916 
1790375458,2505, 10801, 33,1932916 
1790375459,2505, 10801, 33,1932916 
1790375460,2505, 10801, 34,1932916 
1790375461,2505, 10801, 22,1932916 
1790375462,2505, 10801, 22,1932916 
1790375463,2505, 10801, 22,1932916 
1790375464,2505, 10801, 22,1932916 
1790375465,2505, 10801, 23,1932916 
1790375466,2505, 10801, 23,1932916 
1790375467,2505, 10801, 24,1932916 
1790375468,2505, 10801, 24,1932916 
1790375470,2505, 10801, 22,1932916 
1790375471,2505, 10801, 24,1932916 
1790375472,2505, 10801, 24,1932916 
1790375473,2505, 10801, 25,1932916 
1790375474,2505, 10801, 24,1932916 
1790375475,2505, 10801, 22,1932916 
1790375476,2505, 10801, 21,1932916 
1790375477,2505, 10801, 21,1932916 
1790375478,2505, 10801, 32,1932916 
1790375479,2505, 10801, 33,1932916 
1790375480,2505, 10801, 32,1932916 
1790375481,2505, 10801, 33,1932916 
1790375482,2505, 10801, 33,1932916 
1790375483,2505, 10801, 33,1932916 
1790375484,2505, 10801, 33,1932916 
1790375485,2505, 10801, 33,1932916 
1790375486,2505, 10801, 33,1932916 
1790375487,2505, 10801, 33,1932916 
1790375488,2505, 10801, 33,1932916 
1790375489,2505, 10801, 33,1932916 
1790375490,2505, 10801, 33,1932916 
1790375492,2505, 10801, 33,1932916 
1790375493,2505, 10801, 33,1932916 
1790375494,2505, 10801, 33,1932916 
1790375495,2505, 10801, 1,1932916 
1790375496,2505, 10801, 23,1932916 
1790375497,2505, 10801, 19,1932916 
1790375498,2505, 10801, 23,1932916 
1790375499,2505, 10801, 23,1932916 
1790375500,2505, 10801, 20,1932916 
1790375501,2505, 10801, 21,1932916 
1790375502,2505, 10801, 23,1932916 
1790375503,2505, 10801, 21,1932916 
1790375504,2505, 10801, 21,1932916 
1790375505,2505, 10801, 21,1932916 
1790375506,2505, 10801, 21,1932916 
1790375507,2505, 10801, 24,1932916 
1790375508,2505, 10801, 23,1932916 
1790375509,2505, 10801, 23,1932916 
1790375510,2505, 10801, 23,1932916 
1790375511,2505, 10801, 21,1932916 
1790375512,2505, 10801, 33,1932916 
1790375513,2505, 10801, 33,1932916 
1790375515,2505, 10801, 33,1932916 
1790375516,2505, 10801, 33,1932916 
1790375517,2505, 10801, 33,1932916 
1790375518,2505, 10801, 33,1932916 
1790375519,2505, 10801, 33,1932916 
1790375520,2505, 10801, 34,1932916 
1790375521,2505, 10801, 34,1932916 
1790375522,2505, 10801, 33,1932916 
1790375523,2505, 10801, 33,1932916 
1790375524,2505, 10801, 35,1932916 
1790375525,2505, 10801, 34,1932916 
1790375526,2505, 10801, 34,1932916 
1790375527,2505, 10801, 35,1932916 
1790375528,2505, 10801, 36,1932916 
1790375529,2505, 10801, 24,1932916 
1790375530,2505, 10801, 24,1932916 
1790375531,2505, 10801, 24,1932916 
1790375532,2505, 10801, 24,1932916 
1790375533,2505, 10801, 24,1932916 
1790375535,2505, 10801, 24,1932916 
1790375536,2505, 10801, 24,1932916 
1790375537,2505, 10801, 23,1932916 
1790375538,2505, 10801, 23,1932916 
1790375539,2505, 10801, 23,1932916 
1790375540,2505, 10801, 23,1932916 
1790375541,2505, 10801, 22,1932916 
1790375542,2505, 10801, 22,1932916 
1790375543,2505, 10801, 22,1932916 
1790375544,2505, 10801, 22,1932916 
1790375545,2505, 10801, 22,1932916 
1790375546,2505, 10801, 21,1932916 
1790375547,2505, 10801, 25,1932916 
1790375548,2505, 10801, 22,1932916 
1790375549,2505, 10801, 24,1932916 
1790375550,2505, 10801, 23,1932916 
1790375551,2505, 10801, 23,1932916 
1790375552,2505, 10801, 24,1932916 
1790375553,2505, 10801, 24,1932916 
1790375554,2505, 10801, 24,1932916 
1790375556,2505, 10801, 25,1932916 
1790375557,2505, 10801, 25,1932916 
1790375558,2505, 10801, 25,1932916 
1790375559,2505, 10801, 22,1932916 
1790375560,2505, 10801, 25,1932916 
1790375561,2505, 10801, 25,1932916 
1790375562,2505, 10801, 25,1932916 
1790375563,2505, 10801, 25,1932916 
1790375564,2505, 10801, 35,1932916 
1790375565,2505, 10801, 35,1932916 
1790375566,2505, 10801, 36,1932916 
1790375567,2505, 10801, 35,1932916 
1790375568,2505, 10801, 36,1932916 
1790375569,2505, 10801, 36,1932916 
1790375570,2505, 10801, 36,1932916 
1790375571,2505, 10801, 36,1932916 
1790375572,2505, 10801, 36,1932916 
1790375573,2505, 10801, 35,1932916 
1790375574,2505, 10801, 36,1932916 
1790375576,2505, 10801, 33,1932916 
1790375577,2505, 10801, 35,1932916 
1790375578,2505, 10801, 35,1932916 
1790375579,2505, 10801, 34,1932916 
1790375580,2505, 10801, 33,1932916 
1790375581,2505, 10801, 23,1932916 
1790375582,2505, 10801, 22,1932916 
1790375583,2505, 10801, 24,1932916 
1790375584,2505, 10801, 21,1932916 
1790375585,2505, 10801, 21,1932916 
1790375586,2505, 10801, 21,1932916 
1790375587,2505, 10801, 14,1932916 
1790375588,2505, 10801, 21,1932916 
1790375589,2505, 10801, 21,1932916 
1790375590,2505, 10801, 21,1932916 
1790375591,2505, 10801, 21,1932916 
1790375592,2505, 10801, 21,1932916 
1790375593,2505, 10801, 21,1932916 
1790375594,2505, 10801, 21,1932916 
1790375595,2505, 10801, 21,1932916 
1790375596,2505, 10801, 21,1932916 
1790375598,2505, 10801, 32,1932916 
1790375599,2505, 10801, 33,1932916 
1790375600,2505, 10801, 33,1932916 
1790375601,2505, 10801, 33,1932916 
1790375602,2505, 10801, 33,1932916 
1790375603,2505, 10801, 33,1932916 
1790375604,2505, 10801, 33,1932916 
1790375605,2505, 10801, 33,1932916 
1790375606,2505, 10801, 32,1932916 
1790375607,2505, 10801, 33,1932916 
1790375608,2505, 10801, 33,1932916 
1790375609,2505, 10801, 33,1932916 
1790375610,2505, 10801, 33,1932916 
1790375611,2505, 10801, 33,1932916 
1790375612,2505, 10801, 33,1932916 
1790375613,2505, 10801, 33,1932916 
1790375614,2505, 10801, 29,1932916 
1790375615,2505, 10801, 26,1932916 
1790375616,2505, 10801, 26,1932916 
1790375617,2505, 10801, 26,1932916 
1790375618,2505, 10801, 28,1932916 
1790375620,2505, 10801, 28,1932916 
1790375621,2505, 10801, 27,1932916 
1790375622,2505, 10801, 26,1932916 
1790375623,2505, 10801, 26,1932916 
1790375624,2505, 10801, 29,1932916 
1790375625,2505, 10801, 25,1932916 
1790375626,2505, 10801, 29,1932916 
1790375627,2505, 10801, 28,1932916 
1790375628,2505, 10801, 27,1932916 
1790375629,2505, 10801, 30,1932916 
1790375630,2505, 10801, 27,1932916 
1790375631,2505, 10801, 28,1932916 
1790375632,2505, 10801, 36,1932916 
1790375633,2505, 10801, 37,1932916 
1790375634,2505, 10801, 35,1932916 
1790375635,2505, 10801, 35,1932916 
1790375636,2505, 10801, 35,1932916 
1790375637,2505, 10801, 35,1932916 
1790375638,2505, 10801, 35,1932916 
1790375639,2505, 10801, 36,1932916 
1790375640,2505, 10801, 34,1932916 
1790375642,2505, 10801, 34,1932916 
1790375643,2505, 10801, 34,1932916 
1790375644,2505, 10801, 34,1932916 
1790375645,2505, 10801, 16,1932916 
1790375646,2505, 10801, 34,1932916 
1790375647,2505, 10801, 33,1932916 
1790375648,2505, 10801, 34,1932916 
