1790374804,2760, 0,
1790374805,2760, 0,1911598 
1790374806,2760, 33,1911598 
1790374807,2760, 72,1911598 
1790374808,2760, 28,1911598 
1790374810,2760, 27,1911598 
1790374811,2505, 29,1911598 
1790374812,2505, 29,1911598 
1790374813,2505, 27,1911598 
1790374814,2505, 30,1911598 
1790374815,2505, 31,1911598 
1790374816,2505, 28,1911598 
1790374817,2505, 30,1911598 
1790374818,2505, 29,1911598 
1790374819,2505, 29,1911598 
1790374820,2505, 26,1911598 
1790374821,2505, 31,1911598 
1790374822,2505, 32,1911598 
1790374823,2505, 31,1911598 
1790374824,2505, 30,1911598 
1790374825,2505, 29,1911598 
1790374826,2505, 30,1911598 
1790374827,2505, 30,1911598 
1790374828,2505, 31,1911598 
1790374829,2505, 31,1911598 
1790374830,2505, 31,1911598 
1790374832,2505, 32,1911598 
1790374833,2505, 32,1911598 
1790374834,2505, 29,1911598 
1790374835,2505, 29,1911598 
1790374836,2505, 31,1911598 
1790374837,2505, 30,1911598 
1790374838,2505, 30,1911598 
1790374839,2505, 32,1911598 
1790374840,2505, 29,1911598 
1790374841,2505, 28,1911598 
1790374842,2505, 32,1911598 
1790374843,2505, 32,1911598 
1790374844,2505, 32,1911598 
1790374845,2505, 31,1911598 
1790374846,2505, 32,1911598 
1790374847,2505, 30,1911598 
1790374848,2505, 32,1911598 
1790374849,2505, 31,1911598 
1790374850,2505, 31,1911598 
1790374851,2505, 31,1911598 
1790374852,2505, 30,1911598 
1790374853,2505, 30,1911598 
1790374854,2505, 30,1911598 
1790374855,2505, 31,1911598 
1790374856,2505, 30,1911598 
1790374858,2505, 30,1911598 
1790374859,2505, 30,1911598 
1790374860,2505, 34,1911598 
1790374861,2505, 32,1911598 
1790374862,2505, 32,1911598 
1790374863,2505, 32,1911598 
1790374864,2505, 32,1911598 
1790374865,2505, 32,1911598 
1790374866,2505, 31,1911598 
1790374867,2505, 31,1911598 
1790374868,2505, 31,1911598 
1790374869,2505, 31,1911598 
1790374870,2505, 32,1911598 
1790374871,2505, 32,1911598 
1790374872,2505, 30,1911598 
1790374873,2505, 31,1911598 
1790374874,2505, 32,1911598 
1790374875,2505, 22,1911598 
1790374876,2505, 35,1911598 
1790374877,2505, 35,1911598 
1790374878,2505, 33,1911598 
1790374879,2505, 33,1911598 
1790374880,2505, 33,1911598 
1790374881,2505, 33,1911598 
1790374883,2505, 33,1911598 
1790374884,2505, 34,1911598 
1790374885,2505, 32,1911598 
1790374886,2505, 32,1911598 
1790374887,2505, 32,1911598 
1790374888,2505, 31,1911598 
1790374889,2505, 32,1911598 
1790374890,2505, 32,1911598 
1790374891,2505, 32,1911598 
1790374892,2505, 33,1911598 
1790374893,2505, 32,1911598 
1790374894,2505, 37,1911598 
1790374895,2505, 33,1911598 
1790374896,2505, 36,1911598 
1790374897,2505, 35,1911598 
1790374898,2505, 34,1911598 
1790374899,2505, 36,1911598 
1790374900,2505, 34,1911598 
1790374901,2505, 34,1911598 
1790374902,2505, 33,1911598 
1790374903,2505, 33,1911598 
1790374904,2505, 33,1911598 
1790374905,2505, 33,1911598 
1790374906,2505, 33,1911598 
1790374907,2505, 34,1911598 
1790374909,2505, 33,1911598 
1790374910,2505, 34,1911598 
1790374911,2505, 10,1911598 
1790374912,2505, 33,1911598 
1790374913,2505, 33,1911598 
1790374914,2505, 33,1911598 
1790374915,2505, 34,1911598 
1790374916,2505, 34,1911598 
1790374917,2505, 34,1911598 
1790374918,2505, 34,1911598 
1790374919,2505, 34,1911598 
1790374920,2505, 34,1911598 
1790374921,2505, 34,1911598 
1790374922,2505, 34,1911598 
1790374923,2505, 34,1911598 
1790374924,2505, 33,1911598 
1790374925,2505, 33,1911598 
1790374926,2505, 33,1911598 
1790374927,2505, 23,1911598 
1790374928,2505, 32,1911598 
1790374929,2505, 33,1911598 
1790374930,2505, 32,1911598 
1790374931,2505, 34,1911598 
1790374932,2505, 31,1911598 
1790374934,2505, 31,1911598 
1790374935,2505, 31,1911598 
1790374936,2505, 32,1911598 
1790374937,2505, 36,1911598 
1790374938,2505, 33,1911598 
1790374939,2505, 32,1911598 
1790374940,2505, 32,1911598 
1790374941,2505, 35,1911598 
1790374942,2505, 33,1911598 
1790374943,2505, 29,1911598 
1790374944,2505, 35,1911598 
1790374945,2505, 33,1911598 
1790374946,2505, 33,1911598 
1790374947,2505, 33,1911598 
1790374948,2505, 34,1911598 
1790374949,2505, 34,1911598 
1790374950,2505, 33,1911598 
1790374951,2505, 33,1911598 
1790374952,2505, 34,1911598 
1790374953,2505, 34,1911598 
1790374954,2505, 34,1911598 
1790374955,2505, 34,1911598 
1790374956,2505, 34,1911598 
1790374957,2505, 33,1911598 
1790374959,2505, 33,1911598 
1790374960,2505, 33,1911598 
1790374961,2505, 32,1911598 
1790374962,2505, 32,1911598 
1790374963,2505, 32,1911598 
1790374964,2505, 32,1911598 
1790374965,2505, 32,1911598 
1790374966,2505, 32,1911598 
1790374967,2505, 32,1911598 
1790374968,2505, 33,1911598 
1790374969,2505, 33,1911598 
1790374970,2505, 33,1911598 
1790374971,2505, 34,1911598 
1790374972,2505, 34,1911598 
1790374973,2505, 34,1911598 
1790374974,2505, 34,1911598 
1790374975,2505, 34,1911598 
1790374976,2505, 34,1911598 
1790374977,2505, 33,1911598 
1790374978,2505, 33,1911598 
1790374979,2505, 33,1911598 
1790374980,2505, 34,1911598 
1790374981,2505, 34,1911598 
1790374982,2505, 34,1911598 
1790374983,2505, 32,1911598 
1790374985,2505, 32,1911598 
1790374986,2505, 31,1911598 
1790374987,2505, 31,1911598 
1790374988,2505, 31,1911598 
1790374989,2505, 31,1911598 
1790374990,2505, 30,1911598 
1790374991,2505, 30,1911598 
1790374992,2505, 30,1911598 
1790374993,2505, 30,1911598 
1790374994,2505, 30,1911598 
1790374995,2505, 30,1911598 
1790374996,2505, 30,1911598 
1790374997,2505, 31,1911598 
1790374998,2505, 31,1911598 
1790374999,2505, 31,1911598 
1790375000,2505, 32,1911598 
1790375001,2505, 32,1911598 
1790375002,2505, 32,1911598 
1790375003,2505, 32,1911598 
1790375004,2505, 31,1911598 
1790375005,2505, 30,1911598 
1790375006,2505, 30,1911598 
1790375008,2505, 22,1911598 
1790375009,2505, 30,1911598 
1790375010,2505, 30,1911598 
1790375011,2505, 30,1911598 
1790375012,2505, 31,1911598 
1790375013,2505, 31,1911598 
1790375014,2505, 31,1911598 
1790375015,2505, 31,1911598 
1790375016,2505, 31,1911598 
1790375017,2505, 31,1911598 
1790375018,2505, 31,1911598 
1790375019,2505, 31,1911598 
1790375020,2505, 31,1911598 
1790375021,2505, 31,1911598 
1790375022,2505, 31,1911598 
1790375023,2505, 31,1911598 
1790375024,2505, 30,1911598 
1790375025,2505, 32,1911598 
1790375026,2505, 33,1911598 
1790375027,2505, 31,1911598 
1790375029,2505, 31,1911598 
1790375030,2505, 30,1911598 
1790375031,2505, 30,1911598 
1790375032,2505, 32,1911598 
1790375033,2505, 31,1911598 
1790375034,2505, 31,1911598 
1790375035,2505, 29,1911598 
1790375036,2505, 29,1911598 
1790375037,2505, 31,1911598 
1790375038,2505, 29,1911598 
1790375039,2505, 31,1911598 
1790375040,2505, 31,1911598 
1790375041,2505, 31,1911598 
1790375042,2505, 31,1911598 
1790375043,2505, 31,1911598 
1790375044,2505, 31,1911598 
1790375045,2505, 31,1911598 
1790375046,2505, 32,1911598 
1790375047,2505, 33,1911598 
1790375048,2505, 33,1911598 
1790375049,2505, 32,1911598 
1790375050,2505, 33,1911598 
1790375051,2505, 33,1911598 
1790375053,2505, 32,1911598 
1790375054,2505, 32,1911598 
1790375055,2505, 33,1911598 
1790375056,2505, 32,1911598 
1790375057,2505, 32,1911598 
1790375058,2505, 33,1911598 
1790375059,2505, 32,1911598 
1790375060,2505, 33,1911598 
1790375061,2505, 32,1911598 
1790375062,2505, 32,1911598 
1790375063,2505, 32,1911598 
1790375064,2505, 31,1911598 
1790375065,2505, 31,1911598 
1790375066,2505, 32,1911598 
1790375067,2505, 31,1911598 
1790375068,2505, 33,1911598 
1790375069,2505, 32,1911598 
1790375070,2505, 33,1911598 
1790375071,2505, 33,1911598 
1790375072,2505, 32,1911598 
1790375073,2505, 33,1911598 
1790375074,2505, 32,1911598 
1790375075,2505, 32,1911598 
1790375077,2505, 32,1911598 
1790375078,2505, 32,1911598 
1790375079,2505, 33,1911598 
1790375080,2505, 33,1911598 
1790375081,2505, 33,1911598 
1790375082,2505, 31,1911598 
1790375083,2505, 31,1911598 
1790375084,2505, 32,1911598 
1790375085,2505, 30,1911598 
1790375086,2505, 31,1911598 
1790375087,2505, 31,1911598 
1790375088,2505, 31,1911598 
1790375089,2505, 30,1911598 
1790375090,2505, 30,1911598 
1790375091,2505, 30,1911598 
1790375092,2505, 30,1911598 
1790375093,2505, 31,1911598 
1790375094,2505, 30,1911598 
1790375095,2505, 30,1911598 
1790375096,2505, 31,1911598 
1790375097,2505, 31,1911598 
1790375098,2505, 0,1911598 
1790375099,2505, 28,1911598 
1790375101,2505, 28,1911598 
1790375102,2505, 29,1911598 
1790375103,2505, 29,1911598 
1790375104,2505, 29,1911598 
1790375105,2505, 28,1911598 
1790375106,2505, 29,1911598 
1790375107,2505, 29,1911598 
1790375108,2505, 29,1911598 
1790375109,2505, 27,1911598 
1790375110,2505, 33,1911598 
1790375111,2505, 33,1911598 
1790375112,2505, 33,1911598 
1790375113,2505, 30,1911598 
1790375114,2505, 30,1911598 
1790375115,2505, 31,1911598 
